podatek_uop_df1;podatek_dg_df1;podatek_fin_df1;suma_kumulacyjna_df1;podatek_uop_df2;podatek_dg_df2;podatek_fin_df2;suma_kumulacyjna_df2
21,6825;0,0;0,0;32164208,686;21,683;0,0;0,0;32164208,954
28,5015;0,0;8468,302;39433447,486;28,502;0,0;8468,303;39433447,824
26,4765;0,0;0,0;66068583,967;26,477;0,0;0,0;66068584,543
18,0135;0,0;0,0;77951998,672;18,014;0,0;0,0;77951999,355
34,2555;0,0;0,0;78788513,478;34,256;0,0;0,0;78788514,168
17,1915;0,0;0,0;82543641,2205;17,192;0,0;0,0;82543641,94
6,0315;0,0;0,0;90650663,783;6,032;0,0;0,0;90650664,564
30,4515;0,0;0,0;115097511,5795;30,452;0,0;0,0;115097512,585
7,7895;0,0;7961,042;116506652,0315;7,79;0,0;7961,043;116506653,053
10,6695;54185,126;9695,708;131452039,0805;10,67;54185,126;9695,708;131452040,225
22,3515;0,0;0,0;196833691,049;22,352;0,0;0,0;196833692,756
30,4395;0,0;0,0;219222409,484;30,44;0,0;0,0;219222411,357
29,0865;27974,564;0,0;222307235,143;29,087;27974,564;0,0;222307237,042
7,7805;61624,794;0,0;222888985,816;7,781;61624,794;0,0;222888987,718
25,5195;0,0;0,0;238883172,7585;25,52;0,0;0,0;238883174,816
12,8295;0,0;0,0;250889818,6355;12,83;0,0;0,0;250889820,799
20,0235;0,0;0,0;253544208,498;20,024;0,0;0,0;253544210,686
5789,6115;3,8535;0,0;255908015,2815;5789,612;3,854;0,0;255908017,501
14,2965;16484,808;0,0;258421617,437;14,297;16484,808;0,0;258421619,681
13,0515;0,0;0,0;312039760,31;13,052;0,0;0,0;312039762,987
26,1015;8384,6805;0,0;312725371,3115;26,102;8384,681;0,0;312725373,997
35,7255;0,0;0,0;326324195,749;35,726;0,0;0,0;326324198,568
36,2085;0,0;0,0;331102219,503;36,209;0,0;0,0;331102222,36
14,4525;53695,148;0,0;336933028,082;14,453;53695,148;0,0;336933030,99
19,9365;0,0;0,0;351166450,1805;19,937;0,0;0,0;351166453,232
5,2905;0,0;0,0;369025241,875;5,291;0,0;0,0;369025245,079
13,3275;0,0;0,0;371334478,958;13,328;0,0;0,0;371334482,184
38,4465;84664,504;17116,295;406379486,158;38,447;84664,504;17116,295;406379489,678
2,3505;46876,564;0,0;435673267,365;2,351;46876,564;0,0;435673271,14
25,0065;0,0;0,0;437112249,2195;25,007;0,0;0,0;437112253,007
2,9205;0,0;0,0;439367678,594;2,921;0,0;0,0;439367682,402
36,2535;0,0;0,0;448289525,4595;36,254;0,0;0,0;448289529,36
5,8575;75568,446;0,0;475717802,998;5,858;75568,446;0,0;475717807,155
17,7135;0,0;0,0;476381890,59;17,714;0,0;0,0;476381894,753
35,5635;55474,438;0,0;495860265,278;35,564;55474,438;0,0;495860269,613
18,6525;0,0;0,0;499620312,9285;18,653;0,0;0,0;499620317,301
22,0455;30844,504;0,0;535276453,957;22,046;30844,504;0,0;535276458,642
19,3875;0,0;11212,232;551606943,479;19,388;0,0;11212,233;551606948,308
2,1135;0,0;0,0;560332508,1595;2,114;0,0;0,0;560332513,08
39,8835;0,0;0,0;584976374,991;39,884;0,0;0,0;584976380,123
11,3955;0,0;0,0;610211332,99;11,396;0,0;0,0;610211338,345
35,4255;60767,376;0,0;621333423,4465;35,426;60767,376;0,0;621333428,9
39,2235;42011,322;0,0;623324826,7565;39,224;42011,322;0,0;623324832,238
23,9325;40833,54;0,0;628320982,023;23,933;40833,54;0,0;628320987,542
6,7515;0,0;0,0;634345189,2405;6,752;0,0;0,0;634345194,808
7,0695;0,0;8580,925;648039070,955;7,07;0,0;8580,925;648039076,641
15,3495;43058,546;0,0;664237410,4145;15,35;43058,546;0,0;664237416,261
6,4965;44392,26;0,0;671375037,918;6,497;44392,26;0,0;671375043,824
36,7995;0,0;0,0;672823102,105;36,8;0,0;0,0;672823108,024
16,5255;14088,7365;0,0;696115809,0525;16,526;14088,737;0,0;696115815,192
6,0675;0,0;0,0;728722255,8135;6,068;0,0;0,0;728722262,24
29,0385;0,0;0,0;754847390,2365;29,039;0,0;0,0;754847396,899
36,9015;9294,6585;0,0;758650769,6345;36,902;9294,659;0,0;758650776,332
28,9635;0,0;0,0;763126668,667;28,964;0,0;0,0;763126675,421
11,8425;0,0;0,0;794153732,9395;11,843;0,0;0,0;794153739,953
10,7025;35209,736;0,0;822627556,1455;10,703;35209,736;0,0;822627563,415
20,8785;0,0;0,0;888468189,091;20,879;0,0;0,0;888468196,926
7,0935;27240,724;0,0;895043825,958;7,094;27240,724;0,0;895043833,853
7,9425;5919,648;16149,085;945651471,9155;7,943;5919,648;16149,085;945651480,254
22,7655;0,0;0,0;946414610,5705;22,766;0,0;0,0;946414618,919
1,1835;0,0;9891,922;962104507,2705;1,184;0,0;9891,923;962104515,759
13,9755;0,0;0,0;968223822,644;13,976;0,0;0,0;968223831,181
0,0;34,1025;0,0;975210508,5795;0,0;34,103;0,0;975210517,186
24,3525;0,0;0,0;975713325,3745;24,353;0,0;0,0;975713333,984
32,0415;62300,886;0,0;978279400,037;32,042;62300,886;0,0;978279408,674
29,8155;0,0;0,0;981193986,904;29,816;0,0;0,0;981193995,572
38,4285;0,0;0,0;990086159,2;38,429;0,0;0,0;990086167,949
4,0575;0,0;0,0;992416724,2095;4,058;0,0;0,0;992416732,991
16,0635;0,0;0,0;1005957116,003;16,064;0,0;0,0;1005957124,906
7,2525;0,0;0,0;1069004424,463;7,253;0,0;0,0;1069004433,91
9,4605;0,0;0,0;1069795239,278;9,461;0,0;0,0;1069795248,732
38,7375;0,0;0,0;1077541358,2755;38,738;0,0;0,0;1077541367,787
9,3075;51033,336;8376,028;1078230092,8785;9,308;51033,336;8376,028;1078230102,395
29,4135;0,0;0,0;1086242104,79;29,414;0,0;0,0;1086242114,371
39,1125;0,0;0,0;1094531364,061;39,113;0,0;0,0;1094531373,701
14,4405;0,0;0,0;1111615856,434;14,441;0,0;0,0;1111615866,213
7,4565;0,0;0,0;1118176524,8505;7,457;0,0;0,0;1118176534,69
27,9315;0,0;0,0;1133406305,068;27,932;0,0;0,0;1133406315,033
15,8895;0,0;11685,585;1134910943,7155;15,89;0,0;11685,585;1134910953,694
11,0025;0,0;0,0;1173905023,578;11,003;0,0;0,0;1173905033,91
28,6695;0,0;0,0;1173989574,1535;28,67;0,0;0,0;1173989584,487
6,1095;0,0;0,0;1176314143,881;6,11;0,0;0,0;1176314154,232
26,5095;0,0;0,0;1206186773,1495;26,51;0,0;0,0;1206186783,779
12,8115;47540,624;0,0;1208155026,1615;12,812;47540,624;0,0;1208155036,809
3,3225;0,0;0,0;1224930961,6505;3,323;0,0;0,0;1224930972,456
16,0785;11267,976;0,0;1250101891,931;16,079;11267,976;0,0;1250101902,951
1,6095;0,0;0,0;1260789101,299;1,61;0,0;0,0;1260789112,41
27,3075;0,0;0,0;1266853928,5235;27,308;0,0;0,0;1266853939,692
28,1835;0,0;0,0;1267727227,1245;28,184;0,0;0,0;1267727238,298
22,4085;0,0;0,0;1304657378,3765;22,409;0,0;0,0;1304657389,873
5,8455;105623,588;0,0;1317982065,371;5,846;105623,588;0,0;1317982076,981
3,3405;0,0;0,0;1322723451,48;3,341;0,0;0,0;1322723463,131
5,3055;0,0;0,0;1333021359,2495;5,306;0,0;0,0;1333021370,992
25,6035;39113,068;0,0;1370243162,002;25,604;39113,068;0,0;1370243174,051
18,0075;0,0;0,0;1398436554,552;18,008;0,0;0,0;1398436566,846
26,3445;0,0;0,0;1425234839,681;26,345;0,0;0,0;1425234852,187
35,0535;38069,792;13949,112;1441116831,367;35,054;38069,792;13949,113;1441116844,017
23,3475;102411,192;0,0;1479135590,369;23,348;102411,192;0,0;1479135603,355
39,3465;0,0;0,0;1480600354,7345;39,347;0,0;0,0;1480600367,732
19,1385;61362,36;0,0;1482466122,4625;19,139;61362,36;0,0;1482466135,476
22,3425;0,0;0,0;1510627900,6585;22,343;0,0;0,0;1510627913,916
14,8275;0,0;0,0;1539197283,884;14,828;0,0;0,0;1539197297,367
24,2355;0,0;4692,785;1549574298,1955;24,236;0,0;4692,785;1549574311,751
20,4165;86948,726;10977,26;1575978667,1675;20,417;86948,726;10977,26;1575978680,95
3,8115;14449,692;0,0;1576685545,429;3,812;14449,692;0,0;1576685559,222
34,0515;0,0;0,0;1588985281,8655;34,052;0,0;0,0;1588985295,759
24,9375;0,0;0,0;1624181678,3345;24,938;0,0;0,0;1624181692,509
28,2855;0,0;0,0;1673027054,488;28,286;0,0;0,0;1673027069,069
9,4215;0,0;0,0;1692950334,9665;9,422;0,0;0,0;1692950349,737
9,4185;0,0;0,0;1700158604,5165;9,419;0,0;0,0;1700158619,349
30,0825;0,0;0,0;1724100748,706;30,083;0,0;0,0;1724100763,754
7,2765;82017,264;0,0;1729393396,5485;7,277;82017,264;0,0;1729393411,64
28,5045;13229,256;0,0;1741063336,1215;28,505;13229,256;0,0;1741063351,325
29,6865;0,0;0,0;1741754052,231;29,687;0,0;0,0;1741754067,444
34,8615;0,0;0,0;1756252539,9555;34,862;0,0;0,0;1756252555,285
24,8595;0,0;0,0;1768436055,388;24,86;0,0;0,0;1768436070,818
37,7385;0,0;4648,875;1787157921,55;37,739;0,0;4648,875;1787157937,133
35,8365;16252,484;13192,67;1795665570,0275;35,837;16252,484;13192,67;1795665585,685
35,6595;37667,156;0,0;1815838017,7985;35,66;37667,156;0,0;1815838033,631
0,4755;0,0;8762,1;1825323951,735;0,476;0,0;8762,1;1825323967,653
39,8835;86925,556;0,0;1837126435,3425;39,884;86925,556;0,0;1837126451,374
34,3455;0,0;0,0;1840175066,4255;34,346;0,0;0,0;1840175082,479
7,9035;0,0;8500,902;1857656612,499;7,904;0,0;8500,903;1857656628,703
15,1185;74268,296;0,0;1880307374,0605;15,119;74268,296;0,0;1880307390,473
16,9455;0,0;0,0;1888992600,379;16,946;0,0;0,0;1888992616,869
29,8785;0,0;0,0;1891190057,9495;29,879;0,0;0,0;1891190074,453
33,1005;52825,298;0,0;1905210037,482;33,101;52825,298;0,0;1905210054,105
30,5895;0,0;0,0;1934293208,603;30,59;0,0;0,0;1934293225,492
15,0195;45446,482;12398,822;1945652053,585;15,02;45446,482;12398,823;1945652070,566
9,7275;0,0;0,0;1960489791,398;9,728;0,0;0,0;1960489808,51
7241,3025;3,2805;0,0;1961342072,669;7241,303;3,281;0,0;1961342089,79
33,3315;59551,598;0,0;1962775553,2945;33,332;59551,598;0,0;1962775570,428
9,7755;0,0;0,0;1973775512,937;9,776;0,0;0,0;1973775530,172
22,9515;0,0;17719,452;1991679174,974;22,952;0,0;17719,453;1991679192,375
23,1975;0,0;0,0;2059689926,7475;23,198;0,0;0,0;2059689944,728
4,9485;0,0;0,0;2063105280,77;4,949;0,0;0,0;2063105298,782
9,3735;0,0;0,0;2067421686,796;9,374;0,0;0,0;2067421704,837
37,9755;0,0;0,0;2085464516,7805;37,976;0,0;0,0;2085464534,972
23,8755;0,0;0,0;2090176330,062;23,876;0,0;0,0;2090176348,294
19,0695;0,0;7173,468;2095795184,0275;19,07;0,0;7173,468;2095795202,313
6,5325;0,0;0,0;2108552023,178;6,533;0,0;0,0;2108552041,561
38,3805;0,0;0,0;2116367680,8665;38,381;0,0;0,0;2116367699,308
13,3515;0,0;0,0;2117673038,1625;13,352;0,0;0,0;2117673056,615
8,5905;7474,7475;0,0;2124984291,408;8,591;7474,748;0,0;2124984309,922
22,3515;0,0;0,0;2146921800,9265;22,352;0,0;0,0;2146921819,62
12,8985;0,0;0,0;2152600981,684;12,899;0,0;0,0;2152601000,418
36,3315;0,0;0,0;2162287299,113;36,332;0,0;0,0;2162287317,946
13,3755;0,0;0,0;2166753601,3215;13,376;0,0;0,0;2166753620,197
12,2265;50425,57;0,0;2175273565,4435;12,227;50425,57;0,0;2175273584,384
20,5125;43979,826;0,0;2213884131,8335;20,513;43979,826;0,0;2213884151,099
28,8195;0,0;0,0;2216314869,439;28,82;0,0;0,0;2216314888,73
0,1395;0,0;0,0;2229271748,4425;0,14;0,0;0,0;2229271767,84
16,2585;10879,497;8050,53;2251619524,61;16,259;10879,497;8050,53;2251619544,187
23,2695;58415,604;15268,355;2252940176,797;23,27;58415,604;15268,355;2252940196,389
30,1905;0,0;0,0;2269143246,6515;30,191;0,0;0,0;2269143266,401
29,5695;0,0;0,0;2281322899,212;29,57;0,0;0,0;2281322919,076
29,2185;0,0;0,0;2304696193,378;29,219;0,0;0,0;2304696213,436
27,9465;0,0;0,0;2315637943,381;27,947;0,0;0,0;2315637963,52
30,8535;0,0;18590,45;2316361926,131;30,854;0,0;18590,45;2316361946,277
15,2115;0,0;0,0;2338952786,788;15,212;0,0;0,0;2338952807,115
37,2135;0,0;0,0;2339648407,424;37,214;0,0;0,0;2339648427,753
26,6775;0,0;8881,282;2339743381,637;26,678;0,0;8881,283;2339743401,969
35,5275;0,0;0,0;2341486617,6905;35,528;0,0;0,0;2341486638,039
7,3305;53665,86;0,0;2371790266,954;7,331;53665,86;0,0;2371790287,583
19,1295;0,0;0,0;2372487803,4495;19,13;0,0;0,0;2372487824,088
6,7875;0,0;8779,462;2372949549,9235;6,788;0,0;8779,463;2372949570,566
11,4015;1816,642;0,0;2388719468,092;11,402;1816,642;0,0;2388719488,867
23,4015;41959,284;14715,88;2409094978,1105;23,402;41959,284;14715,88;2409094999,079
15,4785;0,0;13068,015;2424542303,282;15,479;0,0;13068,015;2424542324,387
18,2565;42185,804;0,0;2433023729,283;18,257;42185,804;0,0;2433023750,456
1,0275;0,0;16379,532;2437030580,204;1,028;0,0;16379,533;2437030601,404
3,2655;64097,35;0,0;2453546192,353;3,266;64097,35;0,0;2453546213,705
1,3425;0,0;0,0;2454054050,839;1,343;0,0;0,0;2454054072,199
21,3735;0,0;0,0;2484857243,872;21,374;0,0;0,0;2484857265,519
32,3235;0,0;0,0;2504774705,2245;32,324;0,0;0,0;2504774727,041
32,9955;0,0;10431,255;2538911167,107;32,996;0,0;10431,255;2538911189,261
14,2725;0,0;0,0;2544933453,05;14,273;0,0;0,0;2544933475,254
29,1015;0,0;0,0;2551184970,0445;29,102;0,0;0,0;2551184992,297
23,1945;38533,696;17684,98;2567615805,807;23,195;38533,696;17684,98;2567615828,209
17,1525;43837,224;0,0;2581742932,7445;17,153;43837,224;0,0;2581742955,265
32,7015;0,0;0,0;2595997809,717;32,702;0,0;0,0;2595997832,356
15,1485;0,0;0,0;2614518575,8405;15,149;0,0;0,0;2614518598,64
39,7575;54410,696;0,0;2615382145,752;39,758;54410,696;0,0;2615382168,557
39,8085;0,0;0,0;2623870149,747;39,809;0,0;0,0;2623870172,606
15,1155;0,0;0,0;2644852078,108;15,116;0,0;0,0;2644852101,143
9,3585;0,0;0,0;2646662998,687;9,359;0,0;0,0;2646663021,739
39,1815;63777,536;0,0;2653093724,3045;39,182;63777,536;0,0;2653093747,416
0,0555;0,0;0,0;2671009694,3655;0,056;0,0;0,0;2671009717,637
10,2525;0,0;0,0;2672309997,042;10,253;0,0;0,0;2672310020,322
18,4155;40577,808;15611,408;2676290538,618;18,416;40577,808;15611,408;2676290561,929
15,3915;0,0;0,0;2681406985,484;15,392;0,0;0,0;2681407008,841
32,0475;0,0;0,0;2683338685,464;32,048;0,0;0,0;2683338708,837
32,4585;12563,277;0,0;2692141199,2755;32,459;12563,277;0,0;2692141222,719
20,7975;0,0;0,0;2716595495,2955;20,798;0,0;0,0;2716595518,962
7,9725;0,0;0,0;2730965203,0305;7,973;0,0;0,0;2730965226,815
30,0255;39968,124;0,0;2733355787,7;30,026;39968,124;0,0;2733355811,506
3,6555;26104,716;0,0;2746972209,3395;3,656;26104,716;0,0;2746972233,245
37,2105;0,0;0,0;2772528613,514;37,211;0,0;0,0;2772528637,643
17,3505;0,0;0,0;2796976513,2575;17,351;0,0;0,0;2796976537,607
29,3865;44973,098;0,0;2800039585,5715;29,387;44973,098;0,0;2800039609,952
31,8495;0,0;0,0;2801040998,592;31,85;0,0;0,0;2801041022,984
7,9785;0,0;6339,302;2872854521,387;7,979;0,0;6339,303;2872854546,419
0,6375;0,0;0,0;2903620301,561;0,638;0,0;0,0;2903620326,847
13,8885;0,0;0,0;2903835153,0495;13,889;0,0;0,0;2903835178,337
12,5355;0,0;0,0;2915389314,751;12,536;0,0;0,0;2915389340,137
9,3135;0,0;15760,272;2935893095,361;9,314;0,0;15760,273;2935893120,929
36,4035;143635,648;0,0;2986010236,9925;36,404;143635,648;0,0;2986010262,991
23,1885;0,0;0,0;3003667732,096;23,189;0,0;0,0;3003667758,236
24,8205;0,0;0,0;3030115378,814;24,821;0,0;0,0;3030115405,161
14,4255;61026,784;0,0;3062657896,719;14,426;61026,784;0,0;3062657923,343
11,5575;0,0;0,0;3117048753,6815;11,558;0,0;0,0;3117048780,775
11,2005;74781,46;0,0;3175006289,237;11,201;74781,46;0,0;3175006316,836
25,8585;0,0;0,0;3186193010,932;25,859;0,0;0,0;3186193038,612
18,1905;0,0;0,0;3197703614,216;18,191;0,0;0,0;3197703642,006
8,7075;0,0;0,0;3242328868,3775;8,708;0,0;0,0;3242328896,535
11,5635;0,0;0,0;3249590551,405;11,564;0,0;0,0;3249590579,631
36,3255;0,0;0,0;3252497546,4075;36,326;0,0;0,0;3252497574,663
5,2275;0,0;0,0;3276297260,7565;5,228;0,0;0,0;3276297289,206
15,7275;0,0;0,0;3297919144,72;15,728;0,0;0,0;3297919173,358
5,3145;0,0;0,0;3305929636,428;5,315;0,0;0,0;3305929665,133
35,6265;66746,784;15108,865;3320882902,4605;35,627;66746,784;15108,865;3320882931,301
21,5685;0,0;12781,152;3322124558,3305;21,569;0,0;12781,153;3322124587,183
15,4905;49926,458;0,0;3329953110,446;15,491;49926,458;0,0;3329953139,351
16,7145;60882,644;0,0;3342145120,789;16,715;60882,644;0,0;3342145149,804
28,1565;50953,804;0,0;3342326200,1645;28,157;50953,804;0,0;3342326229,182
32,4075;73703,544;0,0;3353206629,1105;32,408;73703,544;0,0;3353206658,229
9,0705;0,0;16563,875;3373230414,712;9,071;0,0;16563,875;3373230443,977
13,9185;0,0;0,0;3389498151,7735;13,919;0,0;0,0;3389498181,157
32,2125;73859,486;0,0;3393997854,816;32,213;73859,486;0,0;3393997884,234
0,0;4,9845;0,0;3400003663,758;0,0;4,985;0,0;3400003693,216
31,3605;0,0;0,0;3401561971,989;31,361;0,0;0,0;3401562001,465
35,3805;0,0;0,0;3418091020,949;35,381;0,0;0,0;3418091050,581
1,0785;0,0;0,0;3424653106,058;1,079;0,0;0,0;3424653135,742
25,0305;79588,812;21373,857;3437440447,8455;25,031;79588,812;21373,858;3437440477,646
31,5645;9418,509;0,0;3464458839,3075;31,565;9418,509;0,0;3464458869,335
30,2685;5976,5475;0,0;3478125008,8115;30,269;5976,548;0,0;3478125038,976
5,6625;0,0;0,0;3492675974,9775;5,663;0,0;0,0;3492676005,298
19,7325;0,0;0,0;3508883876,157;19,733;0,0;0,0;3508883906,595
30,6585;47114,676;0,0;3523567113,7515;30,659;47114,676;0,0;3523567144,332
1,7235;24533,816;0,0;3581974446,7955;1,724;24533,816;0,0;3581974477,884
22,8525;0,0;0,0;3591041814,951;22,853;0,0;0,0;3591041846,124
34,2705;0,0;0,0;3613306895,8755;34,271;0,0;0,0;3613306927,23
39,9975;49414,104;0,0;3616679865,953;39,998;49414,104;0,0;3616679897,331
29,0625;0,0;0,0;3616810285,59;29,063;0,0;0,0;3616810316,972
30,2535;0,0;0,0;3629644396,141;30,254;0,0;0,0;3629644427,635
30,4635;49615,814;0,0;3651670145,647;30,464;49615,814;0,0;3651670177,32
19,8885;0,0;0,0;3662365215,026;19,889;0,0;0,0;3662365246,78
16,6875;0,0;0,0;3670989423,282;16,688;0,0;0,0;3670989455,114
11,8365;0,0;0,0;3687725442,8605;11,837;0,0;0,0;3687725474,82
26,4405;51174,416;0,0;3778971124,553;26,441;51174,416;0,0;3778971157,256
36,3945;0,0;0,0;3797782102,2675;36,395;0,0;0,0;3797782135,143
21,2085;47050,066;0,0;3818543858,2705;21,209;47050,066;0,0;3818543891,337
16,9815;46620,824;0,0;3836999374,9805;16,982;46620,824;0,0;3836999408,205
35,4975;0,0;0,0;3845044952,5715;35,498;0,0;0,0;3845044985,863
17,3895;43653,782;0,0;3869392859,56;17,39;43653,782;0,0;3869392893,066
0,0;37,2135;0,0;3896611677,835;0,0;37,214;0,0;3896611711,58
26,7015;0,0;0,0;3900817326,3125;26,702;0,0;0,0;3900817360,093
16,1625;66674,114;0,0;3920783487,0075;16,163;66674,114;0,0;3920783520,965
12,9975;0,0;0,0;3927050479,3495;12,998;0,0;0,0;3927050513,352
2,0055;49344,136;13229,745;3959899178,507;2,006;49344,136;13229,745;3959899212,804
36,5805;63138,99;0,0;3982699166,913;36,581;63138,99;0,0;3982699201,415
31,0755;0,0;0,0;4009277915,2355;31,076;0,0;0,0;4009277949,97
20,7075;0,0;9635,69;4020761268,0275;20,708;0,0;9635,69;4020761302,86
12,3195;0,0;0,0;4047430745,7295;12,32;0,0;0,0;4047430780,785
28,5615;0,0;9269,438;4049456662,9435;28,562;0,0;9269,438;4049456698,014
36,8715;0,0;25928,87;4080275667,501;36,872;0,0;25928,87;4080275702,854
0,1755;0,0;0,0;4091790489,0505;0,176;0,0;0,0;4091790524,498
30,1305;41531,02;0,0;4122301132,619;30,131;41531,02;0,0;4122301168,33
39,6735;100035,852;0,0;4124567852,9285;39,674;100035,852;0,0;4124567888,662
31,4895;0,0;0,0;4202042154,7245;31,49;0,0;0,0;4202042191,117
37,7085;0,0;0,0;4205776469,2225;37,709;0,0;0,0;4205776505,647
28,0395;0,0;0,0;4252706695,68;28,04;0,0;0,0;4252706732,527
24,1005;57761,408;10758,91;4272079767,7555;24,101;57761,408;10758,91;4272079804,772
16,8735;0,0;0,0;4279322102,358;16,874;0,0;0,0;4279322139,444
33,5295;0,0;0,0;4290756080,0295;33,53;0,0;0,0;4290756117,211
7,9185;0,0;0,0;4291404152,149;7,919;0,0;0,0;4291404189,337
24,0075;58484,352;0,0;4298841927,848;24,008;58484,352;0,0;4298841965,1
39,2715;55887,704;0,0;4303351326,3995;39,272;55887,704;0,0;4303351363,695
31,0665;10998,1725;0,0;4366892089,0715;31,067;10998,173;0,0;4366892126,915
8,9145;44339,152;0,0;4375243984,57;8,915;44339,152;0,0;4375244022,489
20,1165;0,0;0,0;4429334054,654;20,117;0,0;0,0;4429334093,057
0,0;28,7805;0,0;4439480652,262;0,0;28,781;0,0;4439480690,748
5,0145;49237,424;25147,855;4447452458,2935;5,015;49237,424;25147,855;4447452496,841
12,7005;63370,462;0,0;4461368271,9145;12,701;63370,462;0,0;4461368310,574
27,5505;18161,448;0,0;4487697461,541;27,551;18161,448;0,0;4487697500,429
12,1995;0,0;0,0;4495094701,712;12,2;0,0;0,0;4495094740,649
14,9325;41323,386;0,0;4498283410,9385;14,933;41323,386;0,0;4498283449,911
37,5285;0,0;0,0;4508775660,234;37,529;0,0;0,0;4508775699,3
34,2915;95290,454;0,0;4530078285,488;34,292;95290,454;0,0;4530078324,742
19,7805;0,0;21147,147;4582373522,062;19,781;0,0;21147,148;4582373561,76
29,4165;44593,292;0,0;4612295373,1365;29,417;44593,292;0,0;4612295413,1
10,7925;0,0;0,0;4653320933,641;10,793;0,0;0,0;4653320973,936
27,1965;41121,098;0,0;4697471447,8235;27,197;41121,098;0,0;4697471488,506
28,5045;0,0;0,0;4697554615,0195;28,505;0,0;0,0;4697554655,703
24,2745;24582,34;0,0;4720060918,3585;24,275;24582,34;0,0;4720060959,236
22,1655;0,0;20551,237;4756585778,821;22,166;0,0;20551,238;4756585820,052
34,5255;0,0;0,0;4786285393,8525;34,526;0,0;0,0;4786285435,353
32,9895;0,0;0,0;4786664035,57;32,99;0,0;0,0;4786664077,072
8,8215;0,0;7774,042;4790974472,005;8,822;0,0;7774,043;4790974513,538
18,5115;49677,708;0,0;4814220634,864;18,512;49677,708;0,0;4814220676,612
38,4945;0,0;0,0;4823641384,3975;38,495;0,0;0,0;4823641426,238
12,1155;0,0;8872,298;4854709910,6035;12,116;0,0;8872,298;4854709952,729
38,1435;0,0;0,0;4857260358,722;38,144;0,0;0,0;4857260400,867
26,2905;0,0;0,0;4865548639,587;26,291;0,0;0,0;4865548681,807
9,1425;0,0;14147,372;4896813902,6075;9,143;0,0;14147,373;4896813945,101
22,9065;0,0;0,0;4907625283,2755;22,907;0,0;0,0;4907625325,864
13,3215;0,0;0,0;4909684701,7595;13,322;0,0;0,0;4909684744,369
2,1255;0,0;15990,93;4945139425,1775;2,126;0,0;15990,93;4945139468,082
0,2175;0,0;0,0;4945578268,8835;0,218;0,0;0,0;4945578311,792
17,3925;55032,276;0,0;4950761904,6525;17,393;55032,276;0,0;4950761947,606
13,6665;37407,938;0,0;4952932787,109;13,667;37407,938;0,0;4952932830,078
1,1565;34388,472;0,0;4966542239,7175;1,157;34388,472;0,0;4966542282,804
12,1575;0,0;0,0;5083249435,2355;12,158;0,0;0,0;5083249479,317
17,5875;51047,83;0,0;5085591116,5495;17,588;51047,83;0,0;5085591160,651
13,7445;49525,944;0,0;5088706903,6815;13,745;49525,944;0,0;5088706947,814
30,6645;0,0;0,0;5106704313,9185;30,665;0,0;0,0;5106704358,207
29,3805;4544,8545;0,0;5136095011,5665;29,381;4544,855;0,0;5136095056,12
12,1065;0,0;0,0;5139156415,9555;12,107;0,0;0,0;5139156460,529
6,4875;0,0;0,0;5139824271,143;6,488;0,0;0,0;5139824315,721
0,4965;0,0;0,0;5164858676,6765;0,497;0,0;0,0;5164858721,478
23,4615;0,0;0,0;5200389436,8535;23,462;0,0;0,0;5200389481,971
28,4055;0,0;0,0;5223142092,732;28,406;0,0;0,0;5223142138,044
34,5315;51031,06;0,0;5235545230,518;34,532;51031,06;0,0;5235545275,945
14,4435;0,0;0,0;5275967613,9965;14,444;0,0;0,0;5275967659,775
27,4005;0,0;11066,032;5281220665,707;27,401;0,0;11066,033;5281220711,52
10,1175;0,0;0,0;5306270197,3305;10,118;0,0;0,0;5306270243,357
22,1355;39387,932;0,0;5310516667,6485;22,136;39387,932;0,0;5310516713,7
16,5765;62509,2;8031,46;5311571823,185;16,577;62509,2;8031,46;5311571869,247
2,0805;0,0;7829,325;5317192020,308;2,081;0,0;7829,325;5317192066,426
27,8145;0,0;0,0;5326646403,172;27,815;0,0;0,0;5326646449,368
12,5595;0,0;0,0;5339784483,7085;12,56;0,0;0,0;5339784530,028
28,2795;29265,956;0,0;5355175586,392;28,28;29265,956;0,0;5355175632,825
21,6555;0,0;0,0;5384519933,734;21,656;0,0;0,0;5384519980,417
8,0775;0,0;0,0;5438236280,3675;8,078;0,0;0,0;5438236327,493
8,8845;0,0;0,0;5440463182,629;8,885;0,0;0,0;5440463229,783
32,9655;0,0;0,0;5451462033,4425;32,966;0,0;0,0;5451462080,68
8,7945;0,0;0,0;5454698822,2275;8,795;0,0;0,0;5454698869,485
7,2825;35367,152;0,0;5463662888,0035;7,283;35367,152;0,0;5463662935,341
30,8355;94234,118;0,0;5465690197,0735;30,836;94234,118;0,0;5465690244,426
23,1495;0,0;0,0;5494556771,748;23,15;0,0;0,0;5494556819,355
0,0;37,6245;0,0;5499557202,9375;0,0;37,625;0,0;5499557250,588
25,6575;0,0;0,0;5503104475,572;25,658;0,0;0,0;5503104523,256
13,2495;38311,97;0,0;5512471996,892;13,25;38311,97;0,0;5512472044,661
13,3215;44331,046;0,0;5557905996,316;13,322;44331,046;0,0;5557906044,436
29,2845;0,0;6165,092;5658538289,0945;29,285;0,0;6165,093;5658538338,073
6,1605;0,0;0,0;5668599287,727;6,161;0,0;0,0;5668599336,809
22,3695;0,0;0,0;5692853283,902;22,37;0,0;0,0;5692853333,188
26,4645;0,0;0,0;5701304217,51;26,465;0,0;0,0;5701304266,864
9,8235;0,0;0,0;5731377521,7195;9,824;0,0;0,0;5731377571,34
27,9345;0,0;0,0;5739390115,705;27,935;0,0;0,0;5739390165,4
24,6585;0,0;0,0;5740348753,1805;24,659;0,0;0,0;5740348802,884
1,1355;31876,292;0,0;5742041966,1745;1,136;31876,292;0,0;5742042015,893
11,7255;77903,496;0,0;5751356367,5035;11,726;77903,496;0,0;5751356417,302
6,4515;7817,52;0,0;5757042541,529;6,452;7817,52;0,0;5757042591,382
24,7395;99696,118;0,0;5757670987,6205;24,74;99696,118;0,0;5757671037,479
0,1875;0,0;0,0;5784775848,172;0,188;0,0;0,0;5784775898,261
19,3545;65249,354;3947,18;5801076491,965;19,355;65249,354;3947,18;5801076542,191
21,5415;93003,638;9412,19;5801986294,9285;21,542;93003,638;9412,19;5801986345,163
15,1305;0,0;6460,818;5830089965,098;15,131;0,0;6460,818;5830090015,583
0,3705;50546,624;0,0;5831848671,797;0,371;50546,624;0,0;5831848722,31
6,4245;0,0;0,0;5842225640,099;6,425;0,0;0,0;5842225690,71
14,0415;0,0;0,0;5842464576,25;14,042;0,0;0,0;5842464626,863
32,5995;0,0;0,0;5865638279,4985;32,6;0,0;0,0;5865638330,314
8,5065;581,0025;12410,47;5887116821,042;8,507;581,003;12410,47;5887116872,05
2,5695;81904,48;0,0;5887734256,645;2,57;81904,48;0,0;5887734307,656
28,6545;7007,574;0,0;5898190182,2795;28,655;7007,574;0,0;5898190233,383
21,6615;31205,272;0,0;5925293354,0885;21,662;31205,272;0,0;5925293405,439
30,0405;0,0;14689,935;5962432759,89;30,041;0,0;14689,935;5962432811,543
32,8455;141971,628;17405,38;5979126114,208;32,846;141971,628;17405,38;5979126165,996
22,7955;0,0;0,0;6001824285,019;22,796;0,0;0,0;6001824337,009
28,1385;13739,5905;0,0;6024131941,4575;28,139;13739,591;0,0;6024131993,66
9,8685;0,0;0,0;6037609267,316;9,869;0,0;0,0;6037609319,635
26,8395;0,0;0,0;6044017719,839;26,84;0,0;0,0;6044017772,209
29,5725;0,0;0,0;6048686943,275;29,573;0,0;0,0;6048686995,682
21,6045;0,0;0,0;6065515026,628;21,605;0,0;0,0;6065515079,186
8,3025;0,0;0,0;6122127854,0385;8,303;0,0;0,0;6122127907,078
24,1275;3994,311;0,0;6131994265,7305;24,128;3994,311;0,0;6131994318,854
0,1125;49121,296;0,0;6219691095,4335;0,113;49121,296;0,0;6219691149,304
19,4925;0,0;11898,175;6259427464,518;19,493;0,0;11898,175;6259427518,719
16,5555;0,0;0,0;6261688901,546;16,556;0,0;0,0;6261688955,763
12,0045;0,0;0,0;6268159035,5905;12,005;0,0;0,0;6268159089,861
23,5635;0,0;0,0;6298746879,369;23,564;0,0;0,0;6298746933,903
1,9065;0,0;0,0;6315135544,768;1,907;0,0;0,0;6315135599,433
10,9185;0,0;0,0;6342909651,8775;10,919;0,0;0,0;6342909706,782
38,5815;0,0;0,0;6350418070,918;38,582;0,0;0,0;6350418125,879
23,6895;0,0;0,0;6352021562,089;23,69;0,0;0,0;6352021617,065
35,4885;54966,268;0,0;6354255920,075;35,489;54966,268;0,0;6354255975,066
16,9005;64200,472;0,0;6386397924,76;16,901;64200,472;0,0;6386397980,055
36,5625;0,0;0,0;6401973531,6185;36,563;0,0;0,0;6401973587,051
32,8695;0,0;0,0;6433752263,7825;32,87;0,0;0,0;6433752319,475
6176,1135;31,2225;0,0;6451842987,2085;6176,114;31,223;0,0;6451843043,052
34,8855;0,0;0,0;6453247453,528;34,886;0,0;0,0;6453247509,391
27,9855;0,0;10519,235;6455697519,073;27,986;0,0;10519,235;6455697574,966
17,7075;0,0;0,0;6496201669,0345;17,708;0,0;0,0;6496201725,275
15,3255;0,0;0,0;6510460226,0545;15,326;0,0;0,0;6510460282,429
21,1215;0,0;0,0;6517976371,307;21,122;0,0;0,0;6517976427,741
29,5305;130103,32;0,0;6550476623,9995;29,531;130103,32;0,0;6550476680,697
6,3345;0,0;0,0;6551504194,5965;6,335;0,0;0,0;6551504251,306
36,9075;0,0;0,0;6558251513,004;36,908;0,0;0,0;6558251569,786
25,8135;38075,34;0,0;6573019112,122;25,814;38075,34;0,0;6573019169,022
33,1275;66734,4;0,0;6578076411,8855;33,128;66734,4;0,0;6578076468,825
4,7595;0,0;14449,192;6619569507,03;4,76;0,0;14449,193;6619569564,312
3,6885;0,0;0,0;6630889255,6375;3,689;0,0;0,0;6630889313,014
1,7025;0,0;0,0;6632398713,8135;1,703;0,0;0,0;6632398771,201
15,2145;76014,47;0,0;6641858956,163;15,215;76014,47;0,0;6641859013,627
32,2665;25703,172;0,0;6645690427,0345;32,267;25703,172;0,0;6645690484,529
24,9315;0,0;0,0;6650651468,4185;24,932;0,0;0,0;6650651525,959
33,0885;0,0;0,0;6688718497,929;33,089;0,0;0,0;6688718555,808
1,3725;0,0;0,0;6726152994,7425;1,373;0,0;0,0;6726153052,927
18,6645;0,0;0,0;6736570484,575;18,665;0,0;0,0;6736570542,863
26,9655;0,0;0,0;6740870194,279;26,966;0,0;0,0;6740870252,6
3,4695;11917,0125;0,0;6745800132,78;3,47;11917,013;0,0;6745800191,152
12,9975;0,0;0,0;6756362284,0275;12,998;0,0;0,0;6756362342,498
26,0175;77826,298;0,0;6762832130,8985;26,018;77826,298;0,0;6762832189,423
33,7485;0,0;0,0;6794464239,616;33,749;0,0;0,0;6794464298,391
29,1555;42728,336;10220,992;6803296003,134;29,156;42728,336;10220,993;6803296061,972
39,0105;0,0;28505,967;6803780115,579;39,011;0,0;28505,968;6803780174,421
15,8775;47096,44;11157,935;6819057673,6745;15,878;47096,44;11157,935;6819057732,645
17,7705;0,0;0,0;6845814930,714;17,771;0,0;0,0;6845814989,927
8,7255;0,0;8592,362;6847881826,822;8,726;0,0;8592,363;6847881886,055
14,1075;0,0;0,0;6878762187,5725;14,108;0,0;0,0;6878762247,073
30,4005;0,0;0,0;6884903571,385;30,401;0,0;0,0;6884903630,939
19,3875;0,0;0,0;6914033590,2995;19,388;0,0;0,0;6914033650,108
10,9185;0,0;12403,525;6920059612,4425;10,919;0,0;12403,525;6920059672,303
20,0625;0,0;0,0;6921406520,9575;20,063;0,0;0,0;6921406580,826
21,2925;0,0;0,0;6999980664,994;21,293;0,0;0,0;6999980725,578
17,8635;74746,72;0,0;7013413457,1165;17,864;74746,72;0,0;7013413517,822
35,9475;0,0;0,0;7026228403,093;35,948;0,0;0,0;7026228463,912
7,4865;0,0;0,0;7052369604,5975;7,487;0,0;0,0;7052369665,64
22,6365;38886,772;0,0;7103660466,7265;22,637;38886,772;0,0;7103660528,215
5,3565;0,0;0,0;7133817046,1265;5,357;0,0;0,0;7133817107,866
16,4925;0,0;0,0;7149721217,601;16,493;0,0;0,0;7149721279,484
7,7145;0,0;0,0;7154138484,6935;7,715;0,0;0,0;7154138546,609
2,1315;28,2015;0,0;7174639631,0165;2,132;28,202;0,0;7174639693,098
20,9565;0,0;0,0;7180011364,5645;20,957;0,0;0,0;7180011426,687
32,9775;0,0;7351,592;7185127290,234;32,978;0,0;7351,593;7185127352,397
14,0295;0,0;0,0;7216359343,687;14,03;0,0;0,0;7216359406,116
38,7435;43676,968;4379,658;7217754877,8775;38,744;43676,968;4379,658;7217754940,32
20,0415;0,0;0,0;7288448818,9875;20,042;0,0;0,0;7288448882,064
1,1955;0,0;0,0;7312284573,207;1,196;0,0;0,0;7312284636,491
31,8015;0,0;0,0;7314917502,0735;31,802;0,0;0,0;7314917565,384
8,5665;0,0;6706,768;7316205568,588;8,567;0,0;6706,768;7316205631,911
18,2865;0,0;0,0;7340241016,697;18,287;0,0;0,0;7340241080,238
35,9355;33440,434;0,0;7342977262,512;35,936;33440,434;0,0;7342977326,077
23,2665;0,0;0,0;7361776415,3745;23,267;0,0;0,0;7361776479,106
31,8705;0,0;0,0;7413607205,6425;31,871;0,0;0,0;7413607269,845
25,9035;0,0;0,0;7443360544,453;25,904;0,0;0,0;7443360608,92
6,0075;71875,374;0,0;7467056698,024;6,008;71875,374;0,0;7467056762,697
13,5045;0,0;0,0;7469084710,219;13,505;0,0;0,0;7469084774,906
17,9325;0,0;0,0;7488251278,575;17,933;0,0;0,0;7488251343,405
4,5525;81448,508;0,0;7522748739,9335;4,553;81448,508;0,0;7522748805,042
9,1545;0,0;0,0;7532109259,3555;9,155;0,0;0,0;7532109324,553
13,4325;0,0;0,0;7565267380,628;13,433;0,0;0,0;7565267446,096
35,3835;0,0;0,0;7575892784,797;35,384;0,0;0,0;7575892850,358
32,0865;80487,842;14679,725;7600696686,881;32,087;80487,842;14679,725;7600696752,647
20,6835;0,0;4729,75;7604408700,1;20,684;0,0;4729,75;7604408765,904
7,5735;0,0;0,0;7635260065,9775;7,574;0,0;0,0;7635260132,034
16,3605;55458,894;0,0;7664067807,5425;16,361;55458,894;0,0;7664067873,823
34,1595;0,0;0,0;7689482272,333;34,16;0,0;0,0;7689482338,829
13,7115;0,0;0,0;7699463828,282;13,712;0,0;0,0;7699463894,863
4,9635;56229,17;0,0;7706203136,3465;4,964;56229,17;0,0;7706203202,975
16,1985;0,0;0,0;7716946850,1585;16,199;0,0;0,0;7716946916,871
17,4105;12912,561;0,0;7727013461,4815;17,411;12912,561;0,0;7727013528,285
30,5235;43659,896;0,0;7727625879,9095;30,524;43659,896;0,0;7727625946,719
32,2245;0,0;0,0;7765273608,048;32,225;0,0;0,0;7765273675,207
1,8645;21178,91;0,0;7767205831,9275;1,865;21178,91;0,0;7767205899,102
12,1215;0,0;0,0;7771706823,526;12,122;0,0;0,0;7771706890,734
3,2595;53391,0;0,0;7772783100,6235;3,26;53391,0;0,0;7772783167,842
12,7545;46462,9;0,0;7775255599,686;12,755;46462,9;0,0;7775255666,921
7,3635;0,0;0,0;7782847260,8685;7,364;0,0;0,0;7782847328,171
4,4055;69905,46;0,0;7814300363,496;4,406;69905,46;0,0;7814300431,061
36,3795;10399,614;0,0;7814602448,428;36,38;10399,614;0,0;7814602515,995
33,9885;0,0;0,0;7817356016,224;33,989;0,0;0,0;7817356083,82
36,4305;73009,102;0,0;7848509256,7275;36,431;73009,102;0,0;7848509324,59
3,1575;10804,826;0,0;7878260071,372;3,158;10804,826;0,0;7878260139,492
38,2785;90588,994;0,0;7879784308,463;38,279;90588,994;0,0;7879784376,597
8,9895;47267,696;0,0;7883090377,982;8,99;47267,696;0,0;7883090446,141
35,7075;0,0;0,0;7907007736,775;35,708;0,0;0,0;7907007805,125
28,9035;0,0;0,0;7910854868,999;28,904;0,0;0,0;7910854937,377
29,3265;43044,62;0,0;7914534816,918;29,327;43044,62;0,0;7914534885,336
36,3075;12004,9155;0,0;7926588331,6045;36,308;12004,916;0,0;7926588400,118
9,4545;0,0;10428,022;7930665858,9965;9,455;0,0;10428,023;7930665927,543
13,2615;49539,788;9250,5;7940244295,187;13,262;49539,788;9250,5;7940244363,804
29,3025;0,0;17369,972;7965468863,3575;29,303;0,0;17369,973;7965468932,189
34,6035;101598,144;0,0;7987614170,2225;34,604;101598,144;0,0;7987614239,256
30,5745;2836,1865;0,0;8025872182,226;30,575;2836,187;0,0;8025872251,608
5,6385;27554,054;0,0;8030554040,6075;5,639;27554,054;0,0;8030554110,031
26,0925;78413,194;0,0;8047450521,742;26,093;78413,194;0,0;8047450591,299
5,0565;0,0;0,0;8053418155,6155;5,057;0,0;0,0;8053418225,233
16,1415;0,0;0,0;8058118255,0125;16,142;0,0;0,0;8058118324,671
19,0185;0,0;0,0;8058777626,6065;19,019;0,0;0,0;8058777696,271
25,1205;0,0;0,0;8066755257,297;25,121;0,0;0,0;8066755327,023
27,1635;0,0;0,0;8083039360,106;27,164;0,0;0,0;8083039429,969
11,2395;0,0;0,0;8114363135,001;11,24;0,0;0,0;8114363205,136
9,3885;45480,318;0,0;8114852697,8935;9,389;45480,318;0,0;8114852768,03
29,0655;46610,184;0,0;8136206194,573;29,066;46610,184;0,0;8136206264,923
24,7755;0,0;0,0;8156090757,767;24,776;0,0;0,0;8156090828,268
27,3435;0,0;0,0;8179180616,95;27,344;0,0;0,0;8179180687,649
30,3165;0,0;0,0;8179488980,437;30,317;0,0;0,0;8179489051,139
14,6595;0,0;9942,585;8207564068,4285;14,66;0,0;9942,585;8207564139,36
26,9625;0,0;0,0;8210323962,9445;26,963;0,0;0,0;8210324033,903
2,9985;45608,384;0,0;8220587307,7575;2,999;45608,384;0,0;8220587378,803
33,8565;0,0;13316,042;8253389279,343;33,857;0,0;13316,043;8253389350,664
2,7255;0,0;0,0;8286005729,594;2,726;0,0;0,0;8286005801,192
19,9545;0,0;0,0;8303273666,493;19,955;0,0;0,0;8303273738,254
13,2345;0,0;0,0;8303570875,568;13,235;0,0;0,0;8303570947,333
0,2865;0,0;0,0;8341362133,7815;0,287;0,0;0,0;8341362205,874
1,8765;0,0;0,0;8345002435,4055;1,877;0,0;0,0;8345002507,534
29,5215;354,468;0,0;8353029172,128;29,522;354,468;0,0;8353029244,336
11,4165;0,0;0,0;8360203547,428;11,417;0,0;0,0;8360203619,692
37,7835;0,0;0,0;8402151026,1255;37,784;0,0;0,0;8402151098,76
12,1425;0,0;0,0;8413972718,8655;12,143;0,0;0,0;8413972791,617
1,4925;0,0;0,0;8422933346,256;1,493;0,0;0,0;8422933419,086
28,9125;5505,561;0,0;8428342857,0975;28,913;5505,561;0,0;8428342929,972
30,7185;0,0;0,0;8428872836,101;30,719;0,0;0,0;8428872908,981
27,2415;0,0;0,0;8452581739,1635;27,242;0,0;0,0;8452581812,234
39,7725;0,0;11502,625;8462132021,1395;39,773;0,0;11502,625;8462132094,305
27,7305;0,0;0,0;8483954251,9305;27,731;0,0;0,0;8483954325,27
35,0835;0,0;0,0;8501052223,092;35,084;0,0;0,0;8501052296,576
28,2705;0,0;6991,615;8504758770,7525;28,271;0,0;6991,615;8504758844,27
34,6605;0,0;0,0;8544702844,2145;34,661;0,0;0,0;8544702918,062
14,5575;0,0;0,0;8548496116,4615;14,558;0,0;0,0;8548496190,34
18,4035;0,0;9787,165;8561325298,483;18,404;0,0;9787,165;8561325372,483
38,3235;0,0;0,0;8599095516,7145;38,324;0,0;0,0;8599095591,064
23,5155;0,0;0,0;8600016931,3545;23,516;0,0;0,0;8600017005,711
1,4595;0,0;0,0;8603435279,3575;1,46;0,0;0,0;8603435353,743
21,6825;0,0;0,0;8624296020,552;21,683;0,0;0,0;8624296095,096
11,5935;44907,496;0,0;8630865663,0565;11,594;44907,496;0,0;8630865737,662
24,6615;0,0;0,0;8632378504,065;24,662;0,0;0,0;8632378578,685
3,6795;98941,458;0,0;8649814310,352;3,68;98941,458;0,0;8649814385,123
20,7795;0,0;0,0;8675494798,2915;20,78;0,0;0,0;8675494873,306
15,1335;31693,876;0,0;8677913321,4695;15,134;31693,876;0,0;8677913396,498
14,8605;0,0;0,0;8720576988,577;14,861;0,0;0,0;8720577063,955
34,2795;60252,848;12464,812;8751808483,004;34,28;60252,848;12464,813;8751808558,672
11,3115;0,0;0,0;8751901585,126;11,312;0,0;0,0;8751901660,796
6,8565;74957,72;0,0;8758755286,716;6,857;74957,72;0,0;8758755362,459
28,6575;0,0;0,0;8763844242,2705;28,658;0,0;0,0;8763844318,057
20,0745;0,0;0,0;8765938181,1785;20,075;0,0;0,0;8765938256,987
1,9725;0,0;0,0;8766553688,4315;1,973;0,0;0,0;8766553764,245
20,5035;0,0;0,0;8781067369,175;20,504;0,0;0,0;8781067445,099
32,0655;0,0;0,0;8802243420,12;32,066;0,0;0,0;8802243496,2
0,8835;0,0;0,0;8809429375,7305;0,884;0,0;0,0;8809429451,878
29,8245;85595,912;0,0;8854019459,799;29,825;85595,912;0,0;8854019536,32
14,0355;103247,252;0,0;8857776611,5485;14,036;103247,252;0,0;8857776688,104
33,4905;0,0;0,0;8936296734,2415;33,491;0,0;0,0;8936296811,461
0,0;36,0495;0,0;8939064997,5025;0,0;36,05;0,0;8939065074,742
8,8785;0,0;0,0;8939270200,096;8,879;0,0;0,0;8939270277,339
14,4105;80761,812;0,0;8953321235,114;14,411;80761,812;0,0;8953321312,464
20,2005;0,0;22833,772;8984124118,754;20,201;0,0;22833,773;8984124196,381
21,5325;0,0;0,0;9021975399,965;21,533;0,0;0,0;9021975477,944
33,6105;0,0;0,0;9051187937,4725;33,611;0,0;0,0;9051188015,681
20,4585;0,0;0,0;9085366984,981;20,459;0,0;0,0;9085367063,485
16,3125;0,0;0,0;9087188486,574;16,313;0,0;0,0;9087188565,093
27,3135;0,0;0,0;9098176872,6685;27,314;0,0;0,0;9098176951,285
18,6975;63889,026;0,0;9100011407,407;18,698;63889,026;0,0;9100011486,042
26,0055;40250,216;0,0;9115823631,566;26,006;40250,216;0,0;9115823710,351
8,7705;0,0;10453,925;9115981711,885;8,771;0,0;10453,925;9115981790,675
20,2425;0,0;0,0;9118362980,183;20,243;0,0;0,0;9118363058,99
30,6045;38242,958;0,0;9180445655,5625;30,605;38242,958;0,0;9180445734,902
28,8645;0,0;0,0;9234662632,376;28,865;0,0;0,0;9234662712,157
26,2485;0,0;3115,485;9263000517,3575;26,249;0,0;3115,485;9263000597,369
22,4085;0,0;0,0;9263342481,3575;22,409;0,0;0,0;9263342561,375
18,5055;0,0;0,0;9270459678,596;18,506;0,0;0,0;9270459758,675
22,5735;55587,14;0,0;9285699875,539;22,574;55587,14;0,0;9285699955,763
1,3485;14868,56;0,0;9320338900,7785;1,349;14868,56;0,0;9320338981,282
30,2955;0,0;0,0;9325758735,7615;30,296;0,0;0,0;9325758816,322
38,6655;0,0;0,0;9330414158,5005;38,666;0,0;0,0;9330414239,099
4,6455;0,0;0,0;9335669408,086;4,646;0,0;0,0;9335669488,734
11,1945;7215,0645;0,0;9351257864,0775;11,195;7215,065;0,0;9351257944,849
21,2445;62656,044;0,0;9353255142,3555;21,245;62656,044;0,0;9353255223,145
5,2275;0,0;18746,603;9366334839,341;5,228;0,0;18746,603;9366334920,242
10,1835;0,0;0,0;9391672826,039;10,184;0,0;0,0;9391672907,162
5222,859;31,7745;0,0;9403306902,0765;5222,859;31,775;0,0;9403306983,292
821,9835;25,2765;18180,028;9414817866,0335;821,984;25,277;18180,028;9414817947,358
11,9325;0,0;0,0;9415361291,631;11,933;0,0;0,0;9415361372,959
10,3065;0,0;0,0;9422724583,2515;10,307;0,0;0,0;9422724664,645
164,505;11,7225;0,0;9449948911,885;164,505;11,723;0,0;9449948993,515
35,9235;92402,038;0,0;9455451661,4895;35,924;92402,038;0,0;9455451743,172
10,6035;1008,8445;0,0;9456311151,378;10,604;1008,845;0,0;9456311233,068
26,3925;81040,278;0,0;9458542361,971;26,393;81040,278;0,0;9458542443,686
33,0585;21520,94;0,0;9481405970,373;33,059;21520,94;0,0;9481406052,283
2,1795;0,0;7358,41;9513341668,827;2,18;0,0;7358,41;9513341750,996
9,9285;0,0;0,0;9532122622,418;9,929;0,0;0,0;9532122704,759
7,0935;39635,098;0,0;9553646583,7625;7,094;39635,098;0,0;9553646666,292
6,5235;0,0;0,0;9568397154,2685;6,524;0,0;0,0;9568397236,92
33,1605;18613,54;0,0;9609445949,411;33,161;18613,54;0,0;9609446032,434
3,5895;0,0;0,0;9613327713,5635;3,59;0,0;0,0;9613327796,625
4,9605;40693,168;0,0;9643265851,3625;4,961;40693,168;0,0;9643265934,652
15,6555;0,0;0,0;9690255261,1915;15,656;0,0;0,0;9690255344,848
2,1525;0,0;0,0;9712324276,4945;2,153;0,0;0,0;9712324360,333
3,8085;0,0;0,0;9714327867,0265;3,809;0,0;0,0;9714327950,876
26,0205;0,0;0,0;9722260640,706;26,021;0,0;0,0;9722260724,613
34,7835;81151,272;0,0;9736806717,1815;34,784;81151,272;0,0;9736806801,202
23,0625;0,0;0,0;9745387206,67;23,063;0,0;0,0;9745387290,759
31,7715;0,0;0,0;9756121281,1395;31,772;0,0;0,0;9756121365,319
33,6585;0,0;0,0;9759583518,818;33,659;0,0;0,0;9759583603,028
9,6195;71509,642;0,0;9785761355,5015;9,62;71509,642;0,0;9785761439,931
19,4145;69636,784;0,0;9798977005,637;19,415;69636,784;0,0;9798977090,182
18,5265;0,0;0,0;9804049890,83;18,527;0,0;0,0;9804049975,418
0,0975;0,0;0,0;9832966742,4385;0,098;0,0;0,0;9832966827,252
24,5475;37281,804;0,0;9846532432,804;24,548;37281,804;0,0;9846532517,74
9,9045;7392,466;0,0;9849657824,081;9,905;7392,466;0,0;9849657909,04
5,4105;92436,572;0,0;9872775903,1835;5,411;92436,572;0,0;9872775988,333
6,8235;0,0;0,0;9878168585,1275;6,824;0,0;0,0;9878168670,318
36,3315;0,0;0,0;9889632153,516;36,332;0,0;0,0;9889632238,802
38,6115;61259,318;0,0;9894065093,851;38,612;61259,318;0,0;9894065179,171
17,2275;61684,368;0,0;9902320122,4115;17,228;61684,368;0,0;9902320207,795
19,3515;0,0;0,0;9954688995,5845;19,352;0,0;0,0;9954689081,414
34,2645;0,0;0,0;9964792528,9915;34,265;0,0;0,0;9964792614,912
16,8495;0,0;0,0;9967249936,8795;16,85;0,0;0,0;9967250022,823
0,0915;0,0;10791,875;9974010985,5525;0,092;0,0;10791,875;9974011071,55
38,1045;51492,098;0,0;9974713940,838;38,105;51492,098;0,0;9974714026,845
30,0945;0,0;15747,342;9980126902,4315;30,095;0,0;15747,343;9980126988,485
24,0495;0,0;0,0;10028211412,5465;24,05;0,0;0,0;10028211499,019
14,6685;0,0;0,0;10046417352,9145;14,669;0,0;0,0;10046417439,545
21,7785;0,0;0,0;10084280969,6835;21,779;0,0;0,0;10084281056,641
27,6735;0,0;0,0;10088937731,15;27,674;0,0;0,0;10088937818,149
12,0945;0,0;0,0;10101150757,9855;12,095;0,0;0,0;10101150845,084
7,3665;0,0;0,0;10111755471,041;7,367;0,0;0,0;10111755558,226
30,0375;81601,836;0,0;10112440594,7675;30,038;81601,836;0,0;10112440681,956
13,8285;0,0;0,0;10123144463,171;13,829;0,0;0,0;10123144550,458
26,3895;0,0;0,0;10127576525,6335;26,39;0,0;0,0;10127576612,959
0,0945;0,0;0,0;10158131615,4325;0,095;0,0;0,0;10158131703,014
17,3895;0,0;0,0;10194469832,8015;17,39;0,0;0,0;10194469920,697
8,2185;0,0;0,0;10195734215,089;8,219;0,0;0,0;10195734303,001
35,0265;0,0;0,0;10196858134,833;35,027;0,0;0,0;10196858222,76
1,0335;0,0;0,0;10209402218,8775;1,034;0,0;0,0;10209402306,928
16,0875;0,0;0,0;10213022694,1605;16,088;0,0;0,0;10213022782,239
3,9225;23848,732;0,0;10228009405,202;3,923;23848,732;0,0;10228009493,404
17,4645;0,0;0,0;10232995303,767;17,465;0,0;0,0;10232995392,007
30,6735;84525,456;0,0;10247843270,84;30,674;84525,456;0,0;10247843359,198
10,8315;0,0;0,0;10267649627,363;10,832;0,0;0,0;10267649715,902
19,1565;54341,918;0,0;10289794217,586;19,157;54341,918;0,0;10289794306,3
27,5025;0,0;0,0;10296687567,871;27,503;0,0;0,0;10296687656,642
30,9585;0,0;0,0;10304580694,8755;30,959;0,0;0,0;10304580783,712
37,2735;0,0;0,0;10332047965,208;37,274;0,0;0,0;10332048054,271
6,9735;0,0;0,0;10337735249,5495;6,974;0,0;0,0;10337735338,664
7,2765;0,0;0,0;10341470159,8205;7,277;0,0;0,0;10341470248,967
26,4975;54428,722;0,0;10376009948,754;26,498;54428,722;0,0;10376010038,191
13,9155;0,0;0,0;10411860326,481;13,916;0,0;0,0;10411860416,21
19,9005;69847,168;0,0;10449513585,099;19,901;69847,168;0,0;10449513675,155
3,3975;26798,12;10558,66;10458740444,1255;3,398;26798,12;10558,66;10458740534,263
2,6145;0,0;0,0;10474533577,365;2,615;0,0;0,0;10474533667,649
29,1765;0,0;0,0;10503396872,5345;29,177;0,0;0,0;10503396963,068
10,3215;0,0;0,0;10511950990,6765;10,322;0,0;0,0;10511951081,289
25,5975;0,0;0,0;10541143126,2425;25,598;0,0;0,0;10541143217,124
38,4765;39709,162;0,0;10545246095,266;38,477;39709,162;0,0;10545246186,185
10,2195;0,0;0,0;10572988878,838;10,22;0,0;0,0;10572988969,98
6,7965;0,0;0,0;10583976439,076;6,797;0,0;0,0;10583976530,316
26,5185;0,0;0,0;10585066976,0555;26,519;0,0;0,0;10585067067,308
2,9175;44207,736;0,0;10626476947,2025;2,918;44207,736;0,0;10626477038,832
36,2535;110322,936;0,0;10640229675,3355;36,254;110322,936;0,0;10640229767,086
32,6535;0,0;0,0;10659049261,9235;32,654;0,0;0,0;10659049353,823
20,3745;57418,364;0,0;10665937713,0795;20,375;57418,364;0,0;10665937805,041
16,9425;0,0;0,0;10690576451,533;16,943;0,0;0,0;10690576543,689
25,7025;0,0;3203,788;10702788629,163;25,703;0,0;3203,788;10702788721,425
37,8675;0,0;0,0;10735255771,9835;37,868;0,0;0,0;10735255864,52
19,3005;79044,534;0,0;10763807103,1045;19,301;79044,534;0,0;10763807195,892
5,5965;0,0;0,0;10780213011,042;5,597;0,0;0,0;10780213103,983
14,3085;0,0;0,0;10816261557,0215;14,309;0,0;0,0;10816261650,283
13,2495;0,0;0,0;10827654762,259;13,25;0,0;0,0;10827654855,618
24,0375;0,0;0,0;10844858016,9265;24,038;0,0;0,0;10844858110,436
12,7065;0,0;0,0;10867567526,8965;12,707;0,0;0,0;10867567620,597
34,8315;74195,368;0,0;10876066705,1105;34,832;74195,368;0,0;10876066798,869
35,2515;46596,056;0,0;10914893371,722;35,252;46596,056;0,0;10914893465,829
34,8525;0,0;0,0;10938829433,3025;34,853;0,0;0,0;10938829527,625
8,5845;0,0;0,0;10944610387,3555;8,585;0,0;0,0;10944610481,727
13,9605;0,0;0,0;10995406361,6355;13,961;0,0;0,0;10995406456,423
15,9735;0,0;0,0;10997601378,474;15,974;0,0;0,0;10997601473,278
36,6765;0,0;0,0;11025642323,2935;36,677;0,0;0,0;11025642418,351
28,7625;0,0;0,0;11035699409,3525;28,763;0,0;0,0;11035699504,509
8,0835;0,0;0,0;11038300117,267;8,084;0,0;0,0;11038300212,45
20,3955;0,0;0,0;11058227064,9585;20,396;0,0;0,0;11058227160,339
34,7805;0,0;12254,452;11087161019,741;34,781;0,0;12254,453;11087161115,362
17,2575;3863,1165;0,0;11089742573,9525;17,258;3863,117;0,0;11089742669,592
19,2015;0,0;10522,065;11093659101,7675;19,202;0,0;10522,065;11093659197,439
34,2375;59573,136;10066,548;11100175233,501;34,238;59573,136;10066,548;11100175329,237
23,1105;0,0;0,0;11109665950,189;23,111;0,0;0,0;11109666046,0
31,7835;62713,272;0,0;11110404436,459;31,784;62713,272;0,0;11110404532,279
0,0;25,9665;0,0;11120636024,6745;0,0;25,967;0,0;11120636120,582
1,0485;0,0;8206,158;11145278951,4135;1,049;0,0;8206,158;11145279047,542
3,9645;0,0;0,0;11155318928,896;3,965;0,0;0,0;11155319025,107
39,1035;119956,38;0,0;11170274109,0525;39,104;119956,38;0,0;11170274205,372
15,1005;0,0;0,0;11200825102,795;15,101;0,0;0,0;11200825199,401
2,4825;0,0;0,0;11202789343,5395;2,483;0,0;0,0;11202789440,17
35,0835;35000,296;0,0;11243100855,63;35,084;35000,296;0,0;11243100952,61
29,6085;57229,852;0,0;11246448804,787;29,609;57229,852;0,0;11246448901,795
25,6785;0,0;0,0;11320909083,358;25,679;0,0;0,0;11320909180,979
15,0465;7897,284;6131,275;11322180644,92;15,047;7897,284;6131,275;11322180742,559
21,2655;38330,276;0,0;11334497458,7445;21,266;38330,276;0,0;11334497556,495
6,4815;0,0;0,0;11350925371,176;6,482;0,0;0,0;11350925469,074
23,9295;0,0;0,0;11352491551,1185;23,93;0,0;0,0;11352491649,031
0,4005;0,0;0,0;11372872519,711;0,401;0,0;0,0;11372872617,796
16,4685;0,0;17288,967;11376563910,3185;16,469;0,0;17288,968;11376564008,44
0,4185;56854,356;0,0;11379761756,1385;0,419;56854,356;0,0;11379761854,287
2,3715;0,0;0,0;11383997177,93;2,372;0,0;0,0;11383997276,117
12,0435;0,0;12890,282;11389516713,76;12,044;0,0;12890,283;11389516812,005
34,2975;0,0;0,0;11429236600,914;34,298;0,0;0,0;11429236699,47
25,5465;0,0;0,0;11436686857,7895;25,547;0,0;0,0;11436686956,404
18,0015;0,0;0,0;11439982537,9135;18,002;0,0;0,0;11439982636,555
27,1335;0,0;0,0;11440868536,4485;27,134;0,0;0,0;11440868635,098
3,3435;0,0;0,0;11490442118,655;3,344;0,0;0,0;11490442217,763
32,1075;0,0;24605,85;11492810753,123;32,108;0,0;24605,85;11492810852,252
11,0745;0,0;0,0;11517434631,1845;11,075;0,0;0,0;11517434730,531
4,2795;0,0;0,0;11517811703,6525;4,28;0,0;0,0;11517811803,002
34,0425;0,0;0,0;11524497584,3525;34,043;0,0;0,0;11524497683,766
35,0025;48421,928;0,0;11525900422,787;35,003;48421,928;0,0;11525900522,214
